STRUCTURE,STRUCTURE_ID,ACTION,FREQ,FREQ_LABEL,REF_AREA,REF_AREA_LABEL,INDICATOR,INDICATOR_LABEL,SEX,SEX_LABEL,AGE,AGE_LABEL,URBANISATION,URBANISATION_LABEL,UNIT_MEASURE,UNIT_MEASURE_LABEL,COMP_BREAKDOWN_1,COMP_BREAKDOWN_1_LABEL,COMP_BREAKDOWN_2,COMP_BREAKDOWN_2_LABEL,COMP_BREAKDOWN_3,COMP_BREAKDOWN_3_LABEL,TIME_PERIOD,OBS_VALUE,DATABASE_ID,DATABASE_ID_LABEL,UNIT_MULT,UNIT_MULT_LABEL,UNIT_TYPE,UNIT_TYPE_LABEL,TIME_FORMAT,TIME_FORMAT_LABEL,OBS_STATUS,OBS_STATUS_LABEL,OBS_CONF,OBS_CONF_LABEL
datastructure,WB.DATA360:DS_DATA360(1.2),I,A,Annual,AFG,Afghanistan,WB_CLEAR_EPA_N2O_WW,Nitrous oxide emissions from wastewater,_T,Total,_T,All age ranges or no breakdown by age,_T,Total,MTCO2E,Megatonnes of CO2-equivalent,_Z,Not Applicable,_Z,Not Applicable,_Z,Not Applicable,2015,0.35,WB_CLEAR,Climate and Economic Analyses for Resilience in Water (CLEAR Water),0,Units,NUMBER,Number (real number),602,CCYY,A,Normal value,PU,Public
datastructure,WB.DATA360:DS_DATA360(1.2),I,A,Annual,ALB,Albania,WB_CLEAR_EPA_N2O_WW,Nitrous oxide emissions from wastewater,_T,Total,_T,All age ranges or no breakdown by age,_T,Total,MTCO2E,Megatonnes of CO2-equivalent,_Z,Not Applicable,_Z,Not Applicable,_Z,Not Applicable,2015,0.05,WB_CLEAR,Climate and Economic Analyses for Resilience in Water (CLEAR Water),0,Units,NUMBER,Number (real number),602,CCYY,A,Normal value,PU,Public
datastructure,WB.DATA360:DS_DATA360(1.2),I,A,Annual,DZA,Algeria,WB_CLEAR_EPA_N2O_WW,Nitrous oxide emissions from wastewater,_T,Total,_T,All age ranges or no breakdown by age,_T,Total,MTCO2E,Megatonnes of CO2-equivalent,_Z,Not Applicable,_Z,Not Applicable,_Z,Not Applicable,2015,0.64,WB_CLEAR,Climate and Economic Analyses for Resilience in Water (CLEAR Water),0,Units,NUMBER,Number (real number),602,CCYY,A,Normal value,PU,Public
datastructure,WB.DATA360:DS_DATA360(1.2),I,A,Annual,AGO,Angola,WB_CLEAR_EPA_N2O_WW,Nitrous oxide emissions from wastewater,_T,Total,_T,All age ranges or no breakdown by age,_T,Total,MTCO2E,Megatonnes of CO2-equivalent,_Z,Not Applicable,_Z,Not Applicable,_Z,Not Applicable,2015,0.32,WB_CLEAR,Climate and Economic Analyses for Resilience in Water (CLEAR Water),0,Units,NUMBER,Number (real number),602,CCYY,A,Normal value,PU,Public
datastructure,WB.DATA360:DS_DATA360(1.2),I,A,Annual,ARG,Argentina,WB_CLEAR_EPA_N2O_WW,Nitrous oxide emissions from wastewater,_T,Total,_T,All age ranges or no breakdown by age,_T,Total,MTCO2E,Megatonnes of CO2-equivalent,_Z,Not Applicable,_Z,Not Applicable,_Z,Not Applicable,2015,1.03,WB_CLEAR,Climate and Economic Analyses for Resilience in Water (CLEAR Water),0,Units,NUMBER,Number (real number),602,CCYY,A,Normal value,PU,Public
datastructure,WB.DATA360:DS_DATA360(1.2),I,A,Annual,ARM,Armenia,WB_CLEAR_EPA_N2O_WW,Nitrous oxide emissions from wastewater,_T,Total,_T,All age ranges or no breakdown by age,_T,Total,MTCO2E,Megatonnes of CO2-equivalent,_Z,Not Applicable,_Z,Not Applicable,_Z,Not Applicable,2015,0.05,WB_CLEAR,Climate and Economic Analyses for Resilience in Water (CLEAR Water),0,Units,NUMBER,Number (real number),602,CCYY,A,Normal value,PU,Public
datastructure,WB.DATA360:DS_DATA360(1.2),I,A,Annual,AUS,Australia,WB_CLEAR_EPA_N2O_WW,Nitrous oxide emissions from wastewater,_T,Total,_T,All age ranges or no breakdown by age,_T,Total,MTCO2E,Megatonnes of CO2-equivalent,_Z,Not Applicable,_Z,Not Applicable,_Z,Not Applicable,2015,0.47,WB_CLEAR,Climate and Economic Analyses for Resilience in Water (CLEAR Water),0,Units,NUMBER,Number (real number),602,CCYY,A,Normal value,PU,Public
datastructure,WB.DATA360:DS_DATA360(1.2),I,A,Annual,AUT,Austria,WB_CLEAR_EPA_N2O_WW,Nitrous oxide emissions from wastewater,_T,Total,_T,All age ranges or no breakdown by age,_T,Total,MTCO2E,Megatonnes of CO2-equivalent,_Z,Not Applicable,_Z,Not Applicable,_Z,Not Applicable,2015,0.16,WB_CLEAR,Climate and Economic Analyses for Resilience in Water (CLEAR Water),0,Units,NUMBER,Number (real number),602,CCYY,A,Normal value,PU,Public
datastructure,WB.DATA360:DS_DATA360(1.2),I,A,Annual,AZE,Azerbaijan,WB_CLEAR_EPA_N2O_WW,Nitrous oxide emissions from wastewater,_T,Total,_T,All age ranges or no breakdown by age,_T,Total,MTCO2E,Megatonnes of CO2-equivalent,_Z,Not Applicable,_Z,Not Applicable,_Z,Not Applicable,2015,0.37,WB_CLEAR,Climate and Economic Analyses for Resilience in Water (CLEAR Water),0,Units,NUMBER,Number (real number),602,CCYY,A,Normal value,PU,Public
datastructure,WB.DATA360:DS_DATA360(1.2),I,A,Annual,BHR,Bahrain,WB_CLEAR_EPA_N2O_WW,Nitrous oxide emissions from wastewater,_T,Total,_T,All age ranges or no breakdown by age,_T,Total,MTCO2E,Megatonnes of CO2-equivalent,_Z,Not Applicable,_Z,Not Applicable,_Z,Not Applicable,2015,0.02,WB_CLEAR,Climate and Economic Analyses for Resilience in Water (CLEAR Water),0,Units,NUMBER,Number (real number),602,CCYY,A,Normal value,PU,Public
datastructure,WB.DATA360:DS_DATA360(1.2),I,A,Annual,BGD,Bangladesh,WB_CLEAR_EPA_N2O_WW,Nitrous oxide emissions from wastewater,_T,Total,_T,All age ranges or no breakdown by age,_T,Total,MTCO2E,Megatonnes of CO2-equivalent,_Z,Not Applicable,_Z,Not Applicable,_Z,Not Applicable,2015,1.58,WB_CLEAR,Climate and Economic Analyses for Resilience in Water (CLEAR Water),0,Units,NUMBER,Number (real number),602,CCYY,A,Normal value,PU,Public
datastructure,WB.DATA360:DS_DATA360(1.2),I,A,Annual,BRB,Barbados,WB_CLEAR_EPA_N2O_WW,Nitrous oxide emissions from wastewater,_T,Total,_T,All age ranges or no breakdown by age,_T,Total,MTCO2E,Megatonnes of CO2-equivalent,_Z,Not Applicable,_Z,Not Applicable,_Z,Not Applicable,2015,0.01,WB_CLEAR,Climate and Economic Analyses for Resilience in Water (CLEAR Water),0,Units,NUMBER,Number (real number),602,CCYY,A,Normal value,PU,Public
datastructure,WB.DATA360:DS_DATA360(1.2),I,A,Annual,BLR,Belarus,WB_CLEAR_EPA_N2O_WW,Nitrous oxide emissions from wastewater,_T,Total,_T,All age ranges or no breakdown by age,_T,Total,MTCO2E,Megatonnes of CO2-equivalent,_Z,Not Applicable,_Z,Not Applicable,_Z,Not Applicable,2015,0.23,WB_CLEAR,Climate and Economic Analyses for Resilience in Water (CLEAR Water),0,Units,NUMBER,Number (real number),602,CCYY,A,Normal value,PU,Public
datastructure,WB.DATA360:DS_DATA360(1.2),I,A,Annual,BEL,Belgium,WB_CLEAR_EPA_N2O_WW,Nitrous oxide emissions from wastewater,_T,Total,_T,All age ranges or no breakdown by age,_T,Total,MTCO2E,Megatonnes of CO2-equivalent,_Z,Not Applicable,_Z,Not Applicable,_Z,Not Applicable,2015,0.1,WB_CLEAR,Climate and Economic Analyses for Resilience in Water (CLEAR Water),0,Units,NUMBER,Number (real number),602,CCYY,A,Normal value,PU,Public
datastructure,WB.DATA360:DS_DATA360(1.2),I,A,Annual,BLZ,Belize,WB_CLEAR_EPA_N2O_WW,Nitrous oxide emissions from wastewater,_T,Total,_T,All age ranges or no breakdown by age,_T,Total,MTCO2E,Megatonnes of CO2-equivalent,_Z,Not Applicable,_Z,Not Applicable,_Z,Not Applicable,2015,0.01,WB_CLEAR,Climate and Economic Analyses for Resilience in Water (CLEAR Water),0,Units,NUMBER,Number (real number),602,CCYY,A,Normal value,PU,Public
datastructure,WB.DATA360:DS_DATA360(1.2),I,A,Annual,BEN,Benin,WB_CLEAR_EPA_N2O_WW,Nitrous oxide emissions from wastewater,_T,Total,_T,All age ranges or no breakdown by age,_T,Total,MTCO2E,Megatonnes of CO2-equivalent,_Z,Not Applicable,_Z,Not Applicable,_Z,Not Applicable,2015,0.09,WB_CLEAR,Climate and Economic Analyses for Resilience in Water (CLEAR Water),0,Units,NUMBER,Number (real number),602,CCYY,A,Normal value,PU,Public
datastructure,WB.DATA360:DS_DATA360(1.2),I,A,Annual,BOL,Bolivia,WB_CLEAR_EPA_N2O_WW,Nitrous oxide emissions from wastewater,_T,Total,_T,All age ranges or no breakdown by age,_T,Total,MTCO2E,Megatonnes of CO2-equivalent,_Z,Not Applicable,_Z,Not Applicable,_Z,Not Applicable,2015,0.19,WB_CLEAR,Climate and Economic Analyses for Resilience in Water (CLEAR Water),0,Units,NUMBER,Number (real number),602,CCYY,A,Normal value,PU,Public
datastructure,WB.DATA360:DS_DATA360(1.2),I,A,Annual,BWA,Botswana,WB_CLEAR_EPA_N2O_WW,Nitrous oxide emissions from wastewater,_T,Total,_T,All age ranges or no breakdown by age,_T,Total,MTCO2E,Megatonnes of CO2-equivalent,_Z,Not Applicable,_Z,Not Applicable,_Z,Not Applicable,2015,0.03,WB_CLEAR,Climate and Economic Analyses for Resilience in Water (CLEAR Water),0,Units,NUMBER,Number (real number),602,CCYY,A,Normal value,PU,Public
datastructure,WB.DATA360:DS_DATA360(1.2),I,A,Annual,BRA,Brazil,WB_CLEAR_EPA_N2O_WW,Nitrous oxide emissions from wastewater,_T,Total,_T,All age ranges or no breakdown by age,_T,Total,MTCO2E,Megatonnes of CO2-equivalent,_Z,Not Applicable,_Z,Not Applicable,_Z,Not Applicable,2015,2.3,WB_CLEAR,Climate and Economic Analyses for Resilience in Water (CLEAR Water),0,Units,NUMBER,Number (real number),602,CCYY,A,Normal value,PU,Public
datastructure,WB.DATA360:DS_DATA360(1.2),I,A,Annual,BRN,Brunei Darussalam,WB_CLEAR_EPA_N2O_WW,Nitrous oxide emissions from wastewater,_T,Total,_T,All age ranges or no breakdown by age,_T,Total,MTCO2E,Megatonnes of CO2-equivalent,_Z,Not Applicable,_Z,Not Applicable,_Z,Not Applicable,2015,0.01,WB_CLEAR,Climate and Economic Analyses for Resilience in Water (CLEAR Water),0,Units,NUMBER,Number (real number),602,CCYY,A,Normal value,PU,Public
datastructure,WB.DATA360:DS_DATA360(1.2),I,A,Annual,BGR,Bulgaria,WB_CLEAR_EPA_N2O_WW,Nitrous oxide emissions from wastewater,_T,Total,_T,All age ranges or no breakdown by age,_T,Total,MTCO2E,Megatonnes of CO2-equivalent,_Z,Not Applicable,_Z,Not Applicable,_Z,Not Applicable,2015,0.14,WB_CLEAR,Climate and Economic Analyses for Resilience in Water (CLEAR Water),0,Units,NUMBER,Number (real number),602,CCYY,A,Normal value,PU,Public
datastructure,WB.DATA360:DS_DATA360(1.2),I,A,Annual,BFA,Burkina Faso,WB_CLEAR_EPA_N2O_WW,Nitrous oxide emissions from wastewater,_T,Total,_T,All age ranges or no breakdown by age,_T,Total,MTCO2E,Megatonnes of CO2-equivalent,_Z,Not Applicable,_Z,Not Applicable,_Z,Not Applicable,2015,0.27,WB_CLEAR,Climate and Economic Analyses for Resilience in Water (CLEAR Water),0,Units,NUMBER,Number (real number),602,CCYY,A,Normal value,PU,Public
datastructure,WB.DATA360:DS_DATA360(1.2),I,A,Annual,CPV,Cabo Verde,WB_CLEAR_EPA_N2O_WW,Nitrous oxide emissions from wastewater,_T,Total,_T,All age ranges or no breakdown by age,_T,Total,MTCO2E,Megatonnes of CO2-equivalent,_Z,Not Applicable,_Z,Not Applicable,_Z,Not Applicable,2015,0.01,WB_CLEAR,Climate and Economic Analyses for Resilience in Water (CLEAR Water),0,Units,NUMBER,Number (real number),602,CCYY,A,Normal value,PU,Public
datastructure,WB.DATA360:DS_DATA360(1.2),I,A,Annual,KHM,Cambodia,WB_CLEAR_EPA_N2O_WW,Nitrous oxide emissions from wastewater,_T,Total,_T,All age ranges or no breakdown by age,_T,Total,MTCO2E,Megatonnes of CO2-equivalent,_Z,Not Applicable,_Z,Not Applicable,_Z,Not Applicable,2015,0.25,WB_CLEAR,Climate and Economic Analyses for Resilience in Water (CLEAR Water),0,Units,NUMBER,Number (real number),602,CCYY,A,Normal value,PU,Public
datastructure,WB.DATA360:DS_DATA360(1.2),I,A,Annual,CMR,Cameroon,WB_CLEAR_EPA_N2O_WW,Nitrous oxide emissions from wastewater,_T,Total,_T,All age ranges or no breakdown by age,_T,Total,MTCO2E,Megatonnes of CO2-equivalent,_Z,Not Applicable,_Z,Not Applicable,_Z,Not Applicable,2015,0.55,WB_CLEAR,Climate and Economic Analyses for Resilience in Water (CLEAR Water),0,Units,NUMBER,Number (real number),602,CCYY,A,Normal value,PU,Public
datastructure,WB.DATA360:DS_DATA360(1.2),I,A,Annual,CAN,Canada,WB_CLEAR_EPA_N2O_WW,Nitrous oxide emissions from wastewater,_T,Total,_T,All age ranges or no breakdown by age,_T,Total,MTCO2E,Megatonnes of CO2-equivalent,_Z,Not Applicable,_Z,Not Applicable,_Z,Not Applicable,2015,0.67,WB_CLEAR,Climate and Economic Analyses for Resilience in Water (CLEAR Water),0,Units,NUMBER,Number (real number),602,CCYY,A,Normal value,PU,Public
datastructure,WB.DATA360:DS_DATA360(1.2),I,A,Annual,CAF,Central African Republic,WB_CLEAR_EPA_N2O_WW,Nitrous oxide emissions from wastewater,_T,Total,_T,All age ranges or no breakdown by age,_T,Total,MTCO2E,Megatonnes of CO2-equivalent,_Z,Not Applicable,_Z,Not Applicable,_Z,Not Applicable,2015,0.05,WB_CLEAR,Climate and Economic Analyses for Resilience in Water (CLEAR Water),0,Units,NUMBER,Number (real number),602,CCYY,A,Normal value,PU,Public
datastructure,WB.DATA360:DS_DATA360(1.2),I,A,Annual,TCD,Chad,WB_CLEAR_EPA_N2O_WW,Nitrous oxide emissions from wastewater,_T,Total,_T,All age ranges or no breakdown by age,_T,Total,MTCO2E,Megatonnes of CO2-equivalent,_Z,Not Applicable,_Z,Not Applicable,_Z,Not Applicable,2015,0.16,WB_CLEAR,Climate and Economic Analyses for Resilience in Water (CLEAR Water),0,Units,NUMBER,Number (real number),602,CCYY,A,Normal value,PU,Public
datastructure,WB.DATA360:DS_DATA360(1.2),I,A,Annual,CHL,Chile,WB_CLEAR_EPA_N2O_WW,Nitrous oxide emissions from wastewater,_T,Total,_T,All age ranges or no breakdown by age,_T,Total,MTCO2E,Megatonnes of CO2-equivalent,_Z,Not Applicable,_Z,Not Applicable,_Z,Not Applicable,2015,0.31,WB_CLEAR,Climate and Economic Analyses for Resilience in Water (CLEAR Water),0,Units,NUMBER,Number (real number),602,CCYY,A,Normal value,PU,Public
datastructure,WB.DATA360:DS_DATA360(1.2),I,A,Annual,CHN,China,WB_CLEAR_EPA_N2O_WW,Nitrous oxide emissions from wastewater,_T,Total,_T,All age ranges or no breakdown by age,_T,Total,MTCO2E,Megatonnes of CO2-equivalent,_Z,Not Applicable,_Z,Not Applicable,_Z,Not Applicable,2015,29.54,WB_CLEAR,Climate and Economic Analyses for Resilience in Water (CLEAR Water),0,Units,NUMBER,Number (real number),602,CCYY,A,Normal value,PU,Public
datastructure,WB.DATA360:DS_DATA360(1.2),I,A,Annual,COL,Colombia,WB_CLEAR_EPA_N2O_WW,Nitrous oxide emissions from wastewater,_T,Total,_T,All age ranges or no breakdown by age,_T,Total,MTCO2E,Megatonnes of CO2-equivalent,_Z,Not Applicable,_Z,Not Applicable,_Z,Not Applicable,2015,0.84,WB_CLEAR,Climate and Economic Analyses for Resilience in Water (CLEAR Water),0,Units,NUMBER,Number (real number),602,CCYY,A,Normal value,PU,Public
datastructure,WB.DATA360:DS_DATA360(1.2),I,A,Annual,COG,"Congo, Rep.",WB_CLEAR_EPA_N2O_WW,Nitrous oxide emissions from wastewater,_T,Total,_T,All age ranges or no breakdown by age,_T,Total,MTCO2E,Megatonnes of CO2-equivalent,_Z,Not Applicable,_Z,Not Applicable,_Z,Not Applicable,2015,0.04,WB_CLEAR,Climate and Economic Analyses for Resilience in Water (CLEAR Water),0,Units,NUMBER,Number (real number),602,CCYY,A,Normal value,PU,Public
datastructure,WB.DATA360:DS_DATA360(1.2),I,A,Annual,CRI,Costa Rica,WB_CLEAR_EPA_N2O_WW,Nitrous oxide emissions from wastewater,_T,Total,_T,All age ranges or no breakdown by age,_T,Total,MTCO2E,Megatonnes of CO2-equivalent,_Z,Not Applicable,_Z,Not Applicable,_Z,Not Applicable,2015,0.07,WB_CLEAR,Climate and Economic Analyses for Resilience in Water (CLEAR Water),0,Units,NUMBER,Number (real number),602,CCYY,A,Normal value,PU,Public
datastructure,WB.DATA360:DS_DATA360(1.2),I,A,Annual,CIV,Cote d'Ivoire,WB_CLEAR_EPA_N2O_WW,Nitrous oxide emissions from wastewater,_T,Total,_T,All age ranges or no breakdown by age,_T,Total,MTCO2E,Megatonnes of CO2-equivalent,_Z,Not Applicable,_Z,Not Applicable,_Z,Not Applicable,2015,0.05,WB_CLEAR,Climate and Economic Analyses for Resilience in Water (CLEAR Water),0,Units,NUMBER,Number (real number),602,CCYY,A,Normal value,PU,Public
datastructure,WB.DATA360:DS_DATA360(1.2),I,A,Annual,HRV,Croatia,WB_CLEAR_EPA_N2O_WW,Nitrous oxide emissions from wastewater,_T,Total,_T,All age ranges or no breakdown by age,_T,Total,MTCO2E,Megatonnes of CO2-equivalent,_Z,Not Applicable,_Z,Not Applicable,_Z,Not Applicable,2015,0.09,WB_CLEAR,Climate and Economic Analyses for Resilience in Water (CLEAR Water),0,Units,NUMBER,Number (real number),602,CCYY,A,Normal value,PU,Public
datastructure,WB.DATA360:DS_DATA360(1.2),I,A,Annual,CUB,Cuba,WB_CLEAR_EPA_N2O_WW,Nitrous oxide emissions from wastewater,_T,Total,_T,All age ranges or no breakdown by age,_T,Total,MTCO2E,Megatonnes of CO2-equivalent,_Z,Not Applicable,_Z,Not Applicable,_Z,Not Applicable,2015,0.18,WB_CLEAR,Climate and Economic Analyses for Resilience in Water (CLEAR Water),0,Units,NUMBER,Number (real number),602,CCYY,A,Normal value,PU,Public
datastructure,WB.DATA360:DS_DATA360(1.2),I,A,Annual,CYP,Cyprus,WB_CLEAR_EPA_N2O_WW,Nitrous oxide emissions from wastewater,_T,Total,_T,All age ranges or no breakdown by age,_T,Total,MTCO2E,Megatonnes of CO2-equivalent,_Z,Not Applicable,_Z,Not Applicable,_Z,Not Applicable,2015,0.02,WB_CLEAR,Climate and Economic Analyses for Resilience in Water (CLEAR Water),0,Units,NUMBER,Number (real number),602,CCYY,A,Normal value,PU,Public
datastructure,WB.DATA360:DS_DATA360(1.2),I,A,Annual,CZE,Czechia,WB_CLEAR_EPA_N2O_WW,Nitrous oxide emissions from wastewater,_T,Total,_T,All age ranges or no breakdown by age,_T,Total,MTCO2E,Megatonnes of CO2-equivalent,_Z,Not Applicable,_Z,Not Applicable,_Z,Not Applicable,2015,0.2,WB_CLEAR,Climate and Economic Analyses for Resilience in Water (CLEAR Water),0,Units,NUMBER,Number (real number),602,CCYY,A,Normal value,PU,Public
datastructure,WB.DATA360:DS_DATA360(1.2),I,A,Annual,PRK,"Korea, Dem. People's Rep.",WB_CLEAR_EPA_N2O_WW,Nitrous oxide emissions from wastewater,_T,Total,_T,All age ranges or no breakdown by age,_T,Total,MTCO2E,Megatonnes of CO2-equivalent,_Z,Not Applicable,_Z,Not Applicable,_Z,Not Applicable,2015,0.3,WB_CLEAR,Climate and Economic Analyses for Resilience in Water (CLEAR Water),0,Units,NUMBER,Number (real number),602,CCYY,A,Normal value,PU,Public
datastructure,WB.DATA360:DS_DATA360(1.2),I,A,Annual,COD,"Congo, Dem. Rep.",WB_CLEAR_EPA_N2O_WW,Nitrous oxide emissions from wastewater,_T,Total,_T,All age ranges or no breakdown by age,_T,Total,MTCO2E,Megatonnes of CO2-equivalent,_Z,Not Applicable,_Z,Not Applicable,_Z,Not Applicable,2015,0.35,WB_CLEAR,Climate and Economic Analyses for Resilience in Water (CLEAR Water),0,Units,NUMBER,Number (real number),602,CCYY,A,Normal value,PU,Public
datastructure,WB.DATA360:DS_DATA360(1.2),I,A,Annual,DNK,Denmark,WB_CLEAR_EPA_N2O_WW,Nitrous oxide emissions from wastewater,_T,Total,_T,All age ranges or no breakdown by age,_T,Total,MTCO2E,Megatonnes of CO2-equivalent,_Z,Not Applicable,_Z,Not Applicable,_Z,Not Applicable,2015,0.07,WB_CLEAR,Climate and Economic Analyses for Resilience in Water (CLEAR Water),0,Units,NUMBER,Number (real number),602,CCYY,A,Normal value,PU,Public
datastructure,WB.DATA360:DS_DATA360(1.2),I,A,Annual,DJI,Djibouti,WB_CLEAR_EPA_N2O_WW,Nitrous oxide emissions from wastewater,_T,Total,_T,All age ranges or no breakdown by age,_T,Total,MTCO2E,Megatonnes of CO2-equivalent,_Z,Not Applicable,_Z,Not Applicable,_Z,Not Applicable,2015,0.01,WB_CLEAR,Climate and Economic Analyses for Resilience in Water (CLEAR Water),0,Units,NUMBER,Number (real number),602,CCYY,A,Normal value,PU,Public
datastructure,WB.DATA360:DS_DATA360(1.2),I,A,Annual,DMA,Dominica,WB_CLEAR_EPA_N2O_WW,Nitrous oxide emissions from wastewater,_T,Total,_T,All age ranges or no breakdown by age,_T,Total,MTCO2E,Megatonnes of CO2-equivalent,_Z,Not Applicable,_Z,Not Applicable,_Z,Not Applicable,2015,0.01,WB_CLEAR,Climate and Economic Analyses for Resilience in Water (CLEAR Water),0,Units,NUMBER,Number (real number),602,CCYY,A,Normal value,PU,Public
datastructure,WB.DATA360:DS_DATA360(1.2),I,A,Annual,DOM,Dominican Republic,WB_CLEAR_EPA_N2O_WW,Nitrous oxide emissions from wastewater,_T,Total,_T,All age ranges or no breakdown by age,_T,Total,MTCO2E,Megatonnes of CO2-equivalent,_Z,Not Applicable,_Z,Not Applicable,_Z,Not Applicable,2015,0.18,WB_CLEAR,Climate and Economic Analyses for Resilience in Water (CLEAR Water),0,Units,NUMBER,Number (real number),602,CCYY,A,Normal value,PU,Public
datastructure,WB.DATA360:DS_DATA360(1.2),I,A,Annual,ECU,Ecuador,WB_CLEAR_EPA_N2O_WW,Nitrous oxide emissions from wastewater,_T,Total,_T,All age ranges or no breakdown by age,_T,Total,MTCO2E,Megatonnes of CO2-equivalent,_Z,Not Applicable,_Z,Not Applicable,_Z,Not Applicable,2015,0.38,WB_CLEAR,Climate and Economic Analyses for Resilience in Water (CLEAR Water),0,Units,NUMBER,Number (real number),602,CCYY,A,Normal value,PU,Public
datastructure,WB.DATA360:DS_DATA360(1.2),I,A,Annual,SLV,El Salvador,WB_CLEAR_EPA_N2O_WW,Nitrous oxide emissions from wastewater,_T,Total,_T,All age ranges or no breakdown by age,_T,Total,MTCO2E,Megatonnes of CO2-equivalent,_Z,Not Applicable,_Z,Not Applicable,_Z,Not Applicable,2015,0.11,WB_CLEAR,Climate and Economic Analyses for Resilience in Water (CLEAR Water),0,Units,NUMBER,Number (real number),602,CCYY,A,Normal value,PU,Public
datastructure,WB.DATA360:DS_DATA360(1.2),I,A,Annual,GNQ,Equatorial Guinea,WB_CLEAR_EPA_N2O_WW,Nitrous oxide emissions from wastewater,_T,Total,_T,All age ranges or no breakdown by age,_T,Total,MTCO2E,Megatonnes of CO2-equivalent,_Z,Not Applicable,_Z,Not Applicable,_Z,Not Applicable,2015,0.01,WB_CLEAR,Climate and Economic Analyses for Resilience in Water (CLEAR Water),0,Units,NUMBER,Number (real number),602,CCYY,A,Normal value,PU,Public
datastructure,WB.DATA360:DS_DATA360(1.2),I,A,Annual,ERI,Eritrea,WB_CLEAR_EPA_N2O_WW,Nitrous oxide emissions from wastewater,_T,Total,_T,All age ranges or no breakdown by age,_T,Total,MTCO2E,Megatonnes of CO2-equivalent,_Z,Not Applicable,_Z,Not Applicable,_Z,Not Applicable,2015,0.06,WB_CLEAR,Climate and Economic Analyses for Resilience in Water (CLEAR Water),0,Units,NUMBER,Number (real number),602,CCYY,A,Normal value,PU,Public
datastructure,WB.DATA360:DS_DATA360(1.2),I,A,Annual,EST,Estonia,WB_CLEAR_EPA_N2O_WW,Nitrous oxide emissions from wastewater,_T,Total,_T,All age ranges or no breakdown by age,_T,Total,MTCO2E,Megatonnes of CO2-equivalent,_Z,Not Applicable,_Z,Not Applicable,_Z,Not Applicable,2015,0.03,WB_CLEAR,Climate and Economic Analyses for Resilience in Water (CLEAR Water),0,Units,NUMBER,Number (real number),602,CCYY,A,Normal value,PU,Public
datastructure,WB.DATA360:DS_DATA360(1.2),I,A,Annual,ETH,Ethiopia,WB_CLEAR_EPA_N2O_WW,Nitrous oxide emissions from wastewater,_T,Total,_T,All age ranges or no breakdown by age,_T,Total,MTCO2E,Megatonnes of CO2-equivalent,_Z,Not Applicable,_Z,Not Applicable,_Z,Not Applicable,2015,0.93,WB_CLEAR,Climate and Economic Analyses for Resilience in Water (CLEAR Water),0,Units,NUMBER,Number (real number),602,CCYY,A,Normal value,PU,Public
datastructure,WB.DATA360:DS_DATA360(1.2),I,A,Annual,FJI,Fiji,WB_CLEAR_EPA_N2O_WW,Nitrous oxide emissions from wastewater,_T,Total,_T,All age ranges or no breakdown by age,_T,Total,MTCO2E,Megatonnes of CO2-equivalent,_Z,Not Applicable,_Z,Not Applicable,_Z,Not Applicable,2015,0.01,WB_CLEAR,Climate and Economic Analyses for Resilience in Water (CLEAR Water),0,Units,NUMBER,Number (real number),602,CCYY,A,Normal value,PU,Public
datastructure,WB.DATA360:DS_DATA360(1.2),I,A,Annual,FIN,Finland,WB_CLEAR_EPA_N2O_WW,Nitrous oxide emissions from wastewater,_T,Total,_T,All age ranges or no breakdown by age,_T,Total,MTCO2E,Megatonnes of CO2-equivalent,_Z,Not Applicable,_Z,Not Applicable,_Z,Not Applicable,2015,0.08,WB_CLEAR,Climate and Economic Analyses for Resilience in Water (CLEAR Water),0,Units,NUMBER,Number (real number),602,CCYY,A,Normal value,PU,Public
datastructure,WB.DATA360:DS_DATA360(1.2),I,A,Annual,FRA,France,WB_CLEAR_EPA_N2O_WW,Nitrous oxide emissions from wastewater,_T,Total,_T,All age ranges or no breakdown by age,_T,Total,MTCO2E,Megatonnes of CO2-equivalent,_Z,Not Applicable,_Z,Not Applicable,_Z,Not Applicable,2015,0.41,WB_CLEAR,Climate and Economic Analyses for Resilience in Water (CLEAR Water),0,Units,NUMBER,Number (real number),602,CCYY,A,Normal value,PU,Public
datastructure,WB.DATA360:DS_DATA360(1.2),I,A,Annual,GAB,Gabon,WB_CLEAR_EPA_N2O_WW,Nitrous oxide emissions from wastewater,_T,Total,_T,All age ranges or no breakdown by age,_T,Total,MTCO2E,Megatonnes of CO2-equivalent,_Z,Not Applicable,_Z,Not Applicable,_Z,Not Applicable,2015,0.04,WB_CLEAR,Climate and Economic Analyses for Resilience in Water (CLEAR Water),0,Units,NUMBER,Number (real number),602,CCYY,A,Normal value,PU,Public
datastructure,WB.DATA360:DS_DATA360(1.2),I,A,Annual,GEO,Georgia,WB_CLEAR_EPA_N2O_WW,Nitrous oxide emissions from wastewater,_T,Total,_T,All age ranges or no breakdown by age,_T,Total,MTCO2E,Megatonnes of CO2-equivalent,_Z,Not Applicable,_Z,Not Applicable,_Z,Not Applicable,2015,0.07,WB_CLEAR,Climate and Economic Analyses for Resilience in Water (CLEAR Water),0,Units,NUMBER,Number (real number),602,CCYY,A,Normal value,PU,Public
datastructure,WB.DATA360:DS_DATA360(1.2),I,A,Annual,DEU,Germany,WB_CLEAR_EPA_N2O_WW,Nitrous oxide emissions from wastewater,_T,Total,_T,All age ranges or no breakdown by age,_T,Total,MTCO2E,Megatonnes of CO2-equivalent,_Z,Not Applicable,_Z,Not Applicable,_Z,Not Applicable,2015,0.46,WB_CLEAR,Climate and Economic Analyses for Resilience in Water (CLEAR Water),0,Units,NUMBER,Number (real number),602,CCYY,A,Normal value,PU,Public
datastructure,WB.DATA360:DS_DATA360(1.2),I,A,Annual,GHA,Ghana,WB_CLEAR_EPA_N2O_WW,Nitrous oxide emissions from wastewater,_T,Total,_T,All age ranges or no breakdown by age,_T,Total,MTCO2E,Megatonnes of CO2-equivalent,_Z,Not Applicable,_Z,Not Applicable,_Z,Not Applicable,2015,0.22,WB_CLEAR,Climate and Economic Analyses for Resilience in Water (CLEAR Water),0,Units,NUMBER,Number (real number),602,CCYY,A,Normal value,PU,Public
datastructure,WB.DATA360:DS_DATA360(1.2),I,A,Annual,GRC,Greece,WB_CLEAR_EPA_N2O_WW,Nitrous oxide emissions from wastewater,_T,Total,_T,All age ranges or no breakdown by age,_T,Total,MTCO2E,Megatonnes of CO2-equivalent,_Z,Not Applicable,_Z,Not Applicable,_Z,Not Applicable,2015,0.33,WB_CLEAR,Climate and Economic Analyses for Resilience in Water (CLEAR Water),0,Units,NUMBER,Number (real number),602,CCYY,A,Normal value,PU,Public
datastructure,WB.DATA360:DS_DATA360(1.2),I,A,Annual,GTM,Guatemala,WB_CLEAR_EPA_N2O_WW,Nitrous oxide emissions from wastewater,_T,Total,_T,All age ranges or no breakdown by age,_T,Total,MTCO2E,Megatonnes of CO2-equivalent,_Z,Not Applicable,_Z,Not Applicable,_Z,Not Applicable,2015,0.2,WB_CLEAR,Climate and Economic Analyses for Resilience in Water (CLEAR Water),0,Units,NUMBER,Number (real number),602,CCYY,A,Normal value,PU,Public
datastructure,WB.DATA360:DS_DATA360(1.2),I,A,Annual,GIN,Guinea,WB_CLEAR_EPA_N2O_WW,Nitrous oxide emissions from wastewater,_T,Total,_T,All age ranges or no breakdown by age,_T,Total,MTCO2E,Megatonnes of CO2-equivalent,_Z,Not Applicable,_Z,Not Applicable,_Z,Not Applicable,2015,0.13,WB_CLEAR,Climate and Economic Analyses for Resilience in Water (CLEAR Water),0,Units,NUMBER,Number (real number),602,CCYY,A,Normal value,PU,Public
datastructure,WB.DATA360:DS_DATA360(1.2),I,A,Annual,GNB,Guinea-Bissau,WB_CLEAR_EPA_N2O_WW,Nitrous oxide emissions from wastewater,_T,Total,_T,All age ranges or no breakdown by age,_T,Total,MTCO2E,Megatonnes of CO2-equivalent,_Z,Not Applicable,_Z,Not Applicable,_Z,Not Applicable,2015,0.01,WB_CLEAR,Climate and Economic Analyses for Resilience in Water (CLEAR Water),0,Units,NUMBER,Number (real number),602,CCYY,A,Normal value,PU,Public
datastructure,WB.DATA360:DS_DATA360(1.2),I,A,Annual,GUY,Guyana,WB_CLEAR_EPA_N2O_WW,Nitrous oxide emissions from wastewater,_T,Total,_T,All age ranges or no breakdown by age,_T,Total,MTCO2E,Megatonnes of CO2-equivalent,_Z,Not Applicable,_Z,Not Applicable,_Z,Not Applicable,2015,0.01,WB_CLEAR,Climate and Economic Analyses for Resilience in Water (CLEAR Water),0,Units,NUMBER,Number (real number),602,CCYY,A,Normal value,PU,Public
datastructure,WB.DATA360:DS_DATA360(1.2),I,A,Annual,HTI,Haiti,WB_CLEAR_EPA_N2O_WW,Nitrous oxide emissions from wastewater,_T,Total,_T,All age ranges or no breakdown by age,_T,Total,MTCO2E,Megatonnes of CO2-equivalent,_Z,Not Applicable,_Z,Not Applicable,_Z,Not Applicable,2015,0.07,WB_CLEAR,Climate and Economic Analyses for Resilience in Water (CLEAR Water),0,Units,NUMBER,Number (real number),602,CCYY,A,Normal value,PU,Public
datastructure,WB.DATA360:DS_DATA360(1.2),I,A,Annual,HND,Honduras,WB_CLEAR_EPA_N2O_WW,Nitrous oxide emissions from wastewater,_T,Total,_T,All age ranges or no breakdown by age,_T,Total,MTCO2E,Megatonnes of CO2-equivalent,_Z,Not Applicable,_Z,Not Applicable,_Z,Not Applicable,2015,0.41,WB_CLEAR,Climate and Economic Analyses for Resilience in Water (CLEAR Water),0,Units,NUMBER,Number (real number),602,CCYY,A,Normal value,PU,Public
datastructure,WB.DATA360:DS_DATA360(1.2),I,A,Annual,HUN,Hungary,WB_CLEAR_EPA_N2O_WW,Nitrous oxide emissions from wastewater,_T,Total,_T,All age ranges or no breakdown by age,_T,Total,MTCO2E,Megatonnes of CO2-equivalent,_Z,Not Applicable,_Z,Not Applicable,_Z,Not Applicable,2015,0.08,WB_CLEAR,Climate and Economic Analyses for Resilience in Water (CLEAR Water),0,Units,NUMBER,Number (real number),602,CCYY,A,Normal value,PU,Public
datastructure,WB.DATA360:DS_DATA360(1.2),I,A,Annual,ISL,Iceland,WB_CLEAR_EPA_N2O_WW,Nitrous oxide emissions from wastewater,_T,Total,_T,All age ranges or no breakdown by age,_T,Total,MTCO2E,Megatonnes of CO2-equivalent,_Z,Not Applicable,_Z,Not Applicable,_Z,Not Applicable,2015,0.01,WB_CLEAR,Climate and Economic Analyses for Resilience in Water (CLEAR Water),0,Units,NUMBER,Number (real number),602,CCYY,A,Normal value,PU,Public
datastructure,WB.DATA360:DS_DATA360(1.2),I,A,Annual,IND,India,WB_CLEAR_EPA_N2O_WW,Nitrous oxide emissions from wastewater,_T,Total,_T,All age ranges or no breakdown by age,_T,Total,MTCO2E,Megatonnes of CO2-equivalent,_Z,Not Applicable,_Z,Not Applicable,_Z,Not Applicable,2015,13.86,WB_CLEAR,Climate and Economic Analyses for Resilience in Water (CLEAR Water),0,Units,NUMBER,Number (real number),602,CCYY,A,Normal value,PU,Public
datastructure,WB.DATA360:DS_DATA360(1.2),I,A,Annual,IDN,Indonesia,WB_CLEAR_EPA_N2O_WW,Nitrous oxide emissions from wastewater,_T,Total,_T,All age ranges or no breakdown by age,_T,Total,MTCO2E,Megatonnes of CO2-equivalent,_Z,Not Applicable,_Z,Not Applicable,_Z,Not Applicable,2015,2.6,WB_CLEAR,Climate and Economic Analyses for Resilience in Water (CLEAR Water),0,Units,NUMBER,Number (real number),602,CCYY,A,Normal value,PU,Public
datastructure,WB.DATA360:DS_DATA360(1.2),I,A,Annual,IRN,"Iran, Islamic Rep.",WB_CLEAR_EPA_N2O_WW,Nitrous oxide emissions from wastewater,_T,Total,_T,All age ranges or no breakdown by age,_T,Total,MTCO2E,Megatonnes of CO2-equivalent,_Z,Not Applicable,_Z,Not Applicable,_Z,Not Applicable,2015,15.58,WB_CLEAR,Climate and Economic Analyses for Resilience in Water (CLEAR Water),0,Units,NUMBER,Number (real number),602,CCYY,A,Normal value,PU,Public
datastructure,WB.DATA360:DS_DATA360(1.2),I,A,Annual,IRQ,Iraq,WB_CLEAR_EPA_N2O_WW,Nitrous oxide emissions from wastewater,_T,Total,_T,All age ranges or no breakdown by age,_T,Total,MTCO2E,Megatonnes of CO2-equivalent,_Z,Not Applicable,_Z,Not Applicable,_Z,Not Applicable,2015,0.42,WB_CLEAR,Climate and Economic Analyses for Resilience in Water (CLEAR Water),0,Units,NUMBER,Number (real number),602,CCYY,A,Normal value,PU,Public
datastructure,WB.DATA360:DS_DATA360(1.2),I,A,Annual,IRL,Ireland,WB_CLEAR_EPA_N2O_WW,Nitrous oxide emissions from wastewater,_T,Total,_T,All age ranges or no breakdown by age,_T,Total,MTCO2E,Megatonnes of CO2-equivalent,_Z,Not Applicable,_Z,Not Applicable,_Z,Not Applicable,2015,0.09,WB_CLEAR,Climate and Economic Analyses for Resilience in Water (CLEAR Water),0,Units,NUMBER,Number (real number),602,CCYY,A,Normal value,PU,Public
datastructure,WB.DATA360:DS_DATA360(1.2),I,A,Annual,ISR,Israel,WB_CLEAR_EPA_N2O_WW,Nitrous oxide emissions from wastewater,_T,Total,_T,All age ranges or no breakdown by age,_T,Total,MTCO2E,Megatonnes of CO2-equivalent,_Z,Not Applicable,_Z,Not Applicable,_Z,Not Applicable,2015,0.25,WB_CLEAR,Climate and Economic Analyses for Resilience in Water (CLEAR Water),0,Units,NUMBER,Number (real number),602,CCYY,A,Normal value,PU,Public
datastructure,WB.DATA360:DS_DATA360(1.2),I,A,Annual,ITA,Italy,WB_CLEAR_EPA_N2O_WW,Nitrous oxide emissions from wastewater,_T,Total,_T,All age ranges or no breakdown by age,_T,Total,MTCO2E,Megatonnes of CO2-equivalent,_Z,Not Applicable,_Z,Not Applicable,_Z,Not Applicable,2015,1.35,WB_CLEAR,Climate and Economic Analyses for Resilience in Water (CLEAR Water),0,Units,NUMBER,Number (real number),602,CCYY,A,Normal value,PU,Public
datastructure,WB.DATA360:DS_DATA360(1.2),I,A,Annual,JAM,Jamaica,WB_CLEAR_EPA_N2O_WW,Nitrous oxide emissions from wastewater,_T,Total,_T,All age ranges or no breakdown by age,_T,Total,MTCO2E,Megatonnes of CO2-equivalent,_Z,Not Applicable,_Z,Not Applicable,_Z,Not Applicable,2015,0.09,WB_CLEAR,Climate and Economic Analyses for Resilience in Water (CLEAR Water),0,Units,NUMBER,Number (real number),602,CCYY,A,Normal value,PU,Public
datastructure,WB.DATA360:DS_DATA360(1.2),I,A,Annual,JPN,Japan,WB_CLEAR_EPA_N2O_WW,Nitrous oxide emissions from wastewater,_T,Total,_T,All age ranges or no breakdown by age,_T,Total,MTCO2E,Megatonnes of CO2-equivalent,_Z,Not Applicable,_Z,Not Applicable,_Z,Not Applicable,2015,1.86,WB_CLEAR,Climate and Economic Analyses for Resilience in Water (CLEAR Water),0,Units,NUMBER,Number (real number),602,CCYY,A,Normal value,PU,Public
datastructure,WB.DATA360:DS_DATA360(1.2),I,A,Annual,JOR,Jordan,WB_CLEAR_EPA_N2O_WW,Nitrous oxide emissions from wastewater,_T,Total,_T,All age ranges or no breakdown by age,_T,Total,MTCO2E,Megatonnes of CO2-equivalent,_Z,Not Applicable,_Z,Not Applicable,_Z,Not Applicable,2015,0.18,WB_CLEAR,Climate and Economic Analyses for Resilience in Water (CLEAR Water),0,Units,NUMBER,Number (real number),602,CCYY,A,Normal value,PU,Public
datastructure,WB.DATA360:DS_DATA360(1.2),I,A,Annual,KAZ,Kazakhstan,WB_CLEAR_EPA_N2O_WW,Nitrous oxide emissions from wastewater,_T,Total,_T,All age ranges or no breakdown by age,_T,Total,MTCO2E,Megatonnes of CO2-equivalent,_Z,Not Applicable,_Z,Not Applicable,_Z,Not Applicable,2015,0.32,WB_CLEAR,Climate and Economic Analyses for Resilience in Water (CLEAR Water),0,Units,NUMBER,Number (real number),602,CCYY,A,Normal value,PU,Public
datastructure,WB.DATA360:DS_DATA360(1.2),I,A,Annual,KEN,Kenya,WB_CLEAR_EPA_N2O_WW,Nitrous oxide emissions from wastewater,_T,Total,_T,All age ranges or no breakdown by age,_T,Total,MTCO2E,Megatonnes of CO2-equivalent,_Z,Not Applicable,_Z,Not Applicable,_Z,Not Applicable,2015,0.53,WB_CLEAR,Climate and Economic Analyses for Resilience in Water (CLEAR Water),0,Units,NUMBER,Number (real number),602,CCYY,A,Normal value,PU,Public
datastructure,WB.DATA360:DS_DATA360(1.2),I,A,Annual,KOR,"Korea, Rep.",WB_CLEAR_EPA_N2O_WW,Nitrous oxide emissions from wastewater,_T,Total,_T,All age ranges or no breakdown by age,_T,Total,MTCO2E,Megatonnes of CO2-equivalent,_Z,Not Applicable,_Z,Not Applicable,_Z,Not Applicable,2015,1.0,WB_CLEAR,Climate and Economic Analyses for Resilience in Water (CLEAR Water),0,Units,NUMBER,Number (real number),602,CCYY,A,Normal value,PU,Public
datastructure,WB.DATA360:DS_DATA360(1.2),I,A,Annual,XKX,Kosovo,WB_CLEAR_EPA_N2O_WW,Nitrous oxide emissions from wastewater,_T,Total,_T,All age ranges or no breakdown by age,_T,Total,MTCO2E,Megatonnes of CO2-equivalent,_Z,Not Applicable,_Z,Not Applicable,_Z,Not Applicable,2015,0.02,WB_CLEAR,Climate and Economic Analyses for Resilience in Water (CLEAR Water),0,Units,NUMBER,Number (real number),602,CCYY,A,Normal value,PU,Public
datastructure,WB.DATA360:DS_DATA360(1.2),I,A,Annual,KWT,Kuwait,WB_CLEAR_EPA_N2O_WW,Nitrous oxide emissions from wastewater,_T,Total,_T,All age ranges or no breakdown by age,_T,Total,MTCO2E,Megatonnes of CO2-equivalent,_Z,Not Applicable,_Z,Not Applicable,_Z,Not Applicable,2015,0.21,WB_CLEAR,Climate and Economic Analyses for Resilience in Water (CLEAR Water),0,Units,NUMBER,Number (real number),602,CCYY,A,Normal value,PU,Public
datastructure,WB.DATA360:DS_DATA360(1.2),I,A,Annual,KGZ,Kyrgyz Republic,WB_CLEAR_EPA_N2O_WW,Nitrous oxide emissions from wastewater,_T,Total,_T,All age ranges or no breakdown by age,_T,Total,MTCO2E,Megatonnes of CO2-equivalent,_Z,Not Applicable,_Z,Not Applicable,_Z,Not Applicable,2015,0.09,WB_CLEAR,Climate and Economic Analyses for Resilience in Water (CLEAR Water),0,Units,NUMBER,Number (real number),602,CCYY,A,Normal value,PU,Public
datastructure,WB.DATA360:DS_DATA360(1.2),I,A,Annual,LAO,Lao PDR,WB_CLEAR_EPA_N2O_WW,Nitrous oxide emissions from wastewater,_T,Total,_T,All age ranges or no breakdown by age,_T,Total,MTCO2E,Megatonnes of CO2-equivalent,_Z,Not Applicable,_Z,Not Applicable,_Z,Not Applicable,2015,0.12,WB_CLEAR,Climate and Economic Analyses for Resilience in Water (CLEAR Water),0,Units,NUMBER,Number (real number),602,CCYY,A,Normal value,PU,Public
datastructure,WB.DATA360:DS_DATA360(1.2),I,A,Annual,LVA,Latvia,WB_CLEAR_EPA_N2O_WW,Nitrous oxide emissions from wastewater,_T,Total,_T,All age ranges or no breakdown by age,_T,Total,MTCO2E,Megatonnes of CO2-equivalent,_Z,Not Applicable,_Z,Not Applicable,_Z,Not Applicable,2015,0.03,WB_CLEAR,Climate and Economic Analyses for Resilience in Water (CLEAR Water),0,Units,NUMBER,Number (real number),602,CCYY,A,Normal value,PU,Public
datastructure,WB.DATA360:DS_DATA360(1.2),I,A,Annual,LBN,Lebanon,WB_CLEAR_EPA_N2O_WW,Nitrous oxide emissions from wastewater,_T,Total,_T,All age ranges or no breakdown by age,_T,Total,MTCO2E,Megatonnes of CO2-equivalent,_Z,Not Applicable,_Z,Not Applicable,_Z,Not Applicable,2015,0.12,WB_CLEAR,Climate and Economic Analyses for Resilience in Water (CLEAR Water),0,Units,NUMBER,Number (real number),602,CCYY,A,Normal value,PU,Public
datastructure,WB.DATA360:DS_DATA360(1.2),I,A,Annual,LSO,Lesotho,WB_CLEAR_EPA_N2O_WW,Nitrous oxide emissions from wastewater,_T,Total,_T,All age ranges or no breakdown by age,_T,Total,MTCO2E,Megatonnes of CO2-equivalent,_Z,Not Applicable,_Z,Not Applicable,_Z,Not Applicable,2015,0.04,WB_CLEAR,Climate and Economic Analyses for Resilience in Water (CLEAR Water),0,Units,NUMBER,Number (real number),602,CCYY,A,Normal value,PU,Public
datastructure,WB.DATA360:DS_DATA360(1.2),I,A,Annual,LBR,Liberia,WB_CLEAR_EPA_N2O_WW,Nitrous oxide emissions from wastewater,_T,Total,_T,All age ranges or no breakdown by age,_T,Total,MTCO2E,Megatonnes of CO2-equivalent,_Z,Not Applicable,_Z,Not Applicable,_Z,Not Applicable,2015,0.03,WB_CLEAR,Climate and Economic Analyses for Resilience in Water (CLEAR Water),0,Units,NUMBER,Number (real number),602,CCYY,A,Normal value,PU,Public
datastructure,WB.DATA360:DS_DATA360(1.2),I,A,Annual,LBY,Libya,WB_CLEAR_EPA_N2O_WW,Nitrous oxide emissions from wastewater,_T,Total,_T,All age ranges or no breakdown by age,_T,Total,MTCO2E,Megatonnes of CO2-equivalent,_Z,Not Applicable,_Z,Not Applicable,_Z,Not Applicable,2015,0.08,WB_CLEAR,Climate and Economic Analyses for Resilience in Water (CLEAR Water),0,Units,NUMBER,Number (real number),602,CCYY,A,Normal value,PU,Public
datastructure,WB.DATA360:DS_DATA360(1.2),I,A,Annual,LTU,Lithuania,WB_CLEAR_EPA_N2O_WW,Nitrous oxide emissions from wastewater,_T,Total,_T,All age ranges or no breakdown by age,_T,Total,MTCO2E,Megatonnes of CO2-equivalent,_Z,Not Applicable,_Z,Not Applicable,_Z,Not Applicable,2015,0.04,WB_CLEAR,Climate and Economic Analyses for Resilience in Water (CLEAR Water),0,Units,NUMBER,Number (real number),602,CCYY,A,Normal value,PU,Public
datastructure,WB.DATA360:DS_DATA360(1.2),I,A,Annual,LUX,Luxembourg,WB_CLEAR_EPA_N2O_WW,Nitrous oxide emissions from wastewater,_T,Total,_T,All age ranges or no breakdown by age,_T,Total,MTCO2E,Megatonnes of CO2-equivalent,_Z,Not Applicable,_Z,Not Applicable,_Z,Not Applicable,2015,0.01,WB_CLEAR,Climate and Economic Analyses for Resilience in Water (CLEAR Water),0,Units,NUMBER,Number (real number),602,CCYY,A,Normal value,PU,Public
datastructure,WB.DATA360:DS_DATA360(1.2),I,A,Annual,MDG,Madagascar,WB_CLEAR_EPA_N2O_WW,Nitrous oxide emissions from wastewater,_T,Total,_T,All age ranges or no breakdown by age,_T,Total,MTCO2E,Megatonnes of CO2-equivalent,_Z,Not Applicable,_Z,Not Applicable,_Z,Not Applicable,2015,0.22,WB_CLEAR,Climate and Economic Analyses for Resilience in Water (CLEAR Water),0,Units,NUMBER,Number (real number),602,CCYY,A,Normal value,PU,Public
datastructure,WB.DATA360:DS_DATA360(1.2),I,A,Annual,MWI,Malawi,WB_CLEAR_EPA_N2O_WW,Nitrous oxide emissions from wastewater,_T,Total,_T,All age ranges or no breakdown by age,_T,Total,MTCO2E,Megatonnes of CO2-equivalent,_Z,Not Applicable,_Z,Not Applicable,_Z,Not Applicable,2015,0.2,WB_CLEAR,Climate and Economic Analyses for Resilience in Water (CLEAR Water),0,Units,NUMBER,Number (real number),602,CCYY,A,Normal value,PU,Public
datastructure,WB.DATA360:DS_DATA360(1.2),I,A,Annual,MYS,Malaysia,WB_CLEAR_EPA_N2O_WW,Nitrous oxide emissions from wastewater,_T,Total,_T,All age ranges or no breakdown by age,_T,Total,MTCO2E,Megatonnes of CO2-equivalent,_Z,Not Applicable,_Z,Not Applicable,_Z,Not Applicable,2015,0.45,WB_CLEAR,Climate and Economic Analyses for Resilience in Water (CLEAR Water),0,Units,NUMBER,Number (real number),602,CCYY,A,Normal value,PU,Public
datastructure,WB.DATA360:DS_DATA360(1.2),I,A,Annual,MDV,Maldives,WB_CLEAR_EPA_N2O_WW,Nitrous oxide emissions from wastewater,_T,Total,_T,All age ranges or no breakdown by age,_T,Total,MTCO2E,Megatonnes of CO2-equivalent,_Z,Not Applicable,_Z,Not Applicable,_Z,Not Applicable,2015,0.01,WB_CLEAR,Climate and Economic Analyses for Resilience in Water (CLEAR Water),0,Units,NUMBER,Number (real number),602,CCYY,A,Normal value,PU,Public
datastructure,WB.DATA360:DS_DATA360(1.2),I,A,Annual,MLI,Mali,WB_CLEAR_EPA_N2O_WW,Nitrous oxide emissions from wastewater,_T,Total,_T,All age ranges or no breakdown by age,_T,Total,MTCO2E,Megatonnes of CO2-equivalent,_Z,Not Applicable,_Z,Not Applicable,_Z,Not Applicable,2015,0.15,WB_CLEAR,Climate and Economic Analyses for Resilience in Water (CLEAR Water),0,Units,NUMBER,Number (real number),602,CCYY,A,Normal value,PU,Public
datastructure,WB.DATA360:DS_DATA360(1.2),I,A,Annual,MLT,Malta,WB_CLEAR_EPA_N2O_WW,Nitrous oxide emissions from wastewater,_T,Total,_T,All age ranges or no breakdown by age,_T,Total,MTCO2E,Megatonnes of CO2-equivalent,_Z,Not Applicable,_Z,Not Applicable,_Z,Not Applicable,2015,0.01,WB_CLEAR,Climate and Economic Analyses for Resilience in Water (CLEAR Water),0,Units,NUMBER,Number (real number),602,CCYY,A,Normal value,PU,Public
datastructure,WB.DATA360:DS_DATA360(1.2),I,A,Annual,MRT,Mauritania,WB_CLEAR_EPA_N2O_WW,Nitrous oxide emissions from wastewater,_T,Total,_T,All age ranges or no breakdown by age,_T,Total,MTCO2E,Megatonnes of CO2-equivalent,_Z,Not Applicable,_Z,Not Applicable,_Z,Not Applicable,2015,0.09,WB_CLEAR,Climate and Economic Analyses for Resilience in Water (CLEAR Water),0,Units,NUMBER,Number (real number),602,CCYY,A,Normal value,PU,Public
datastructure,WB.DATA360:DS_DATA360(1.2),I,A,Annual,MUS,Mauritius,WB_CLEAR_EPA_N2O_WW,Nitrous oxide emissions from wastewater,_T,Total,_T,All age ranges or no breakdown by age,_T,Total,MTCO2E,Megatonnes of CO2-equivalent,_Z,Not Applicable,_Z,Not Applicable,_Z,Not Applicable,2015,0.03,WB_CLEAR,Climate and Economic Analyses for Resilience in Water (CLEAR Water),0,Units,NUMBER,Number (real number),602,CCYY,A,Normal value,PU,Public
datastructure,WB.DATA360:DS_DATA360(1.2),I,A,Annual,MEX,Mexico,WB_CLEAR_EPA_N2O_WW,Nitrous oxide emissions from wastewater,_T,Total,_T,All age ranges or no breakdown by age,_T,Total,MTCO2E,Megatonnes of CO2-equivalent,_Z,Not Applicable,_Z,Not Applicable,_Z,Not Applicable,2015,1.87,WB_CLEAR,Climate and Economic Analyses for Resilience in Water (CLEAR Water),0,Units,NUMBER,Number (real number),602,CCYY,A,Normal value,PU,Public
datastructure,WB.DATA360:DS_DATA360(1.2),I,A,Annual,FSM,"Micronesia, Fed. Sts.",WB_CLEAR_EPA_N2O_WW,Nitrous oxide emissions from wastewater,_T,Total,_T,All age ranges or no breakdown by age,_T,Total,MTCO2E,Megatonnes of CO2-equivalent,_Z,Not Applicable,_Z,Not Applicable,_Z,Not Applicable,2015,0.01,WB_CLEAR,Climate and Economic Analyses for Resilience in Water (CLEAR Water),0,Units,NUMBER,Number (real number),602,CCYY,A,Normal value,PU,Public
datastructure,WB.DATA360:DS_DATA360(1.2),I,A,Annual,MDA,Moldova,WB_CLEAR_EPA_N2O_WW,Nitrous oxide emissions from wastewater,_T,Total,_T,All age ranges or no breakdown by age,_T,Total,MTCO2E,Megatonnes of CO2-equivalent,_Z,Not Applicable,_Z,Not Applicable,_Z,Not Applicable,2015,0.08,WB_CLEAR,Climate and Economic Analyses for Resilience in Water (CLEAR Water),0,Units,NUMBER,Number (real number),602,CCYY,A,Normal value,PU,Public
datastructure,WB.DATA360:DS_DATA360(1.2),I,A,Annual,MNG,Mongolia,WB_CLEAR_EPA_N2O_WW,Nitrous oxide emissions from wastewater,_T,Total,_T,All age ranges or no breakdown by age,_T,Total,MTCO2E,Megatonnes of CO2-equivalent,_Z,Not Applicable,_Z,Not Applicable,_Z,Not Applicable,2015,0.04,WB_CLEAR,Climate and Economic Analyses for Resilience in Water (CLEAR Water),0,Units,NUMBER,Number (real number),602,CCYY,A,Normal value,PU,Public
datastructure,WB.DATA360:DS_DATA360(1.2),I,A,Annual,MNE,Montenegro,WB_CLEAR_EPA_N2O_WW,Nitrous oxide emissions from wastewater,_T,Total,_T,All age ranges or no breakdown by age,_T,Total,MTCO2E,Megatonnes of CO2-equivalent,_Z,Not Applicable,_Z,Not Applicable,_Z,Not Applicable,2015,0.02,WB_CLEAR,Climate and Economic Analyses for Resilience in Water (CLEAR Water),0,Units,NUMBER,Number (real number),602,CCYY,A,Normal value,PU,Public
datastructure,WB.DATA360:DS_DATA360(1.2),I,A,Annual,MAR,Morocco,WB_CLEAR_EPA_N2O_WW,Nitrous oxide emissions from wastewater,_T,Total,_T,All age ranges or no breakdown by age,_T,Total,MTCO2E,Megatonnes of CO2-equivalent,_Z,Not Applicable,_Z,Not Applicable,_Z,Not Applicable,2015,0.63,WB_CLEAR,Climate and Economic Analyses for Resilience in Water (CLEAR Water),0,Units,NUMBER,Number (real number),602,CCYY,A,Normal value,PU,Public
datastructure,WB.DATA360:DS_DATA360(1.2),I,A,Annual,MOZ,Mozambique,WB_CLEAR_EPA_N2O_WW,Nitrous oxide emissions from wastewater,_T,Total,_T,All age ranges or no breakdown by age,_T,Total,MTCO2E,Megatonnes of CO2-equivalent,_Z,Not Applicable,_Z,Not Applicable,_Z,Not Applicable,2015,0.31,WB_CLEAR,Climate and Economic Analyses for Resilience in Water (CLEAR Water),0,Units,NUMBER,Number (real number),602,CCYY,A,Normal value,PU,Public
datastructure,WB.DATA360:DS_DATA360(1.2),I,A,Annual,MMR,Myanmar,WB_CLEAR_EPA_N2O_WW,Nitrous oxide emissions from wastewater,_T,Total,_T,All age ranges or no breakdown by age,_T,Total,MTCO2E,Megatonnes of CO2-equivalent,_Z,Not Applicable,_Z,Not Applicable,_Z,Not Applicable,2015,1.07,WB_CLEAR,Climate and Economic Analyses for Resilience in Water (CLEAR Water),0,Units,NUMBER,Number (real number),602,CCYY,A,Normal value,PU,Public
datastructure,WB.DATA360:DS_DATA360(1.2),I,A,Annual,NAM,Namibia,WB_CLEAR_EPA_N2O_WW,Nitrous oxide emissions from wastewater,_T,Total,_T,All age ranges or no breakdown by age,_T,Total,MTCO2E,Megatonnes of CO2-equivalent,_Z,Not Applicable,_Z,Not Applicable,_Z,Not Applicable,2015,0.07,WB_CLEAR,Climate and Economic Analyses for Resilience in Water (CLEAR Water),0,Units,NUMBER,Number (real number),602,CCYY,A,Normal value,PU,Public
datastructure,WB.DATA360:DS_DATA360(1.2),I,A,Annual,NPL,Nepal,WB_CLEAR_EPA_N2O_WW,Nitrous oxide emissions from wastewater,_T,Total,_T,All age ranges or no breakdown by age,_T,Total,MTCO2E,Megatonnes of CO2-equivalent,_Z,Not Applicable,_Z,Not Applicable,_Z,Not Applicable,2015,0.52,WB_CLEAR,Climate and Economic Analyses for Resilience in Water (CLEAR Water),0,Units,NUMBER,Number (real number),602,CCYY,A,Normal value,PU,Public
datastructure,WB.DATA360:DS_DATA360(1.2),I,A,Annual,NLD,Netherlands,WB_CLEAR_EPA_N2O_WW,Nitrous oxide emissions from wastewater,_T,Total,_T,All age ranges or no breakdown by age,_T,Total,MTCO2E,Megatonnes of CO2-equivalent,_Z,Not Applicable,_Z,Not Applicable,_Z,Not Applicable,2015,0.07,WB_CLEAR,Climate and Economic Analyses for Resilience in Water (CLEAR Water),0,Units,NUMBER,Number (real number),602,CCYY,A,Normal value,PU,Public
datastructure,WB.DATA360:DS_DATA360(1.2),I,A,Annual,NZL,New Zealand,WB_CLEAR_EPA_N2O_WW,Nitrous oxide emissions from wastewater,_T,Total,_T,All age ranges or no breakdown by age,_T,Total,MTCO2E,Megatonnes of CO2-equivalent,_Z,Not Applicable,_Z,Not Applicable,_Z,Not Applicable,2015,0.13,WB_CLEAR,Climate and Economic Analyses for Resilience in Water (CLEAR Water),0,Units,NUMBER,Number (real number),602,CCYY,A,Normal value,PU,Public
datastructure,WB.DATA360:DS_DATA360(1.2),I,A,Annual,NIC,Nicaragua,WB_CLEAR_EPA_N2O_WW,Nitrous oxide emissions from wastewater,_T,Total,_T,All age ranges or no breakdown by age,_T,Total,MTCO2E,Megatonnes of CO2-equivalent,_Z,Not Applicable,_Z,Not Applicable,_Z,Not Applicable,2015,0.1,WB_CLEAR,Climate and Economic Analyses for Resilience in Water (CLEAR Water),0,Units,NUMBER,Number (real number),602,CCYY,A,Normal value,PU,Public
datastructure,WB.DATA360:DS_DATA360(1.2),I,A,Annual,NER,Niger,WB_CLEAR_EPA_N2O_WW,Nitrous oxide emissions from wastewater,_T,Total,_T,All age ranges or no breakdown by age,_T,Total,MTCO2E,Megatonnes of CO2-equivalent,_Z,Not Applicable,_Z,Not Applicable,_Z,Not Applicable,2015,0.66,WB_CLEAR,Climate and Economic Analyses for Resilience in Water (CLEAR Water),0,Units,NUMBER,Number (real number),602,CCYY,A,Normal value,PU,Public
datastructure,WB.DATA360:DS_DATA360(1.2),I,A,Annual,NGA,Nigeria,WB_CLEAR_EPA_N2O_WW,Nitrous oxide emissions from wastewater,_T,Total,_T,All age ranges or no breakdown by age,_T,Total,MTCO2E,Megatonnes of CO2-equivalent,_Z,Not Applicable,_Z,Not Applicable,_Z,Not Applicable,2015,2.4,WB_CLEAR,Climate and Economic Analyses for Resilience in Water (CLEAR Water),0,Units,NUMBER,Number (real number),602,CCYY,A,Normal value,PU,Public
datastructure,WB.DATA360:DS_DATA360(1.2),I,A,Annual,MKD,North Macedonia,WB_CLEAR_EPA_N2O_WW,Nitrous oxide emissions from wastewater,_T,Total,_T,All age ranges or no breakdown by age,_T,Total,MTCO2E,Megatonnes of CO2-equivalent,_Z,Not Applicable,_Z,Not Applicable,_Z,Not Applicable,2015,0.04,WB_CLEAR,Climate and Economic Analyses for Resilience in Water (CLEAR Water),0,Units,NUMBER,Number (real number),602,CCYY,A,Normal value,PU,Public
datastructure,WB.DATA360:DS_DATA360(1.2),I,A,Annual,NOR,Norway,WB_CLEAR_EPA_N2O_WW,Nitrous oxide emissions from wastewater,_T,Total,_T,All age ranges or no breakdown by age,_T,Total,MTCO2E,Megatonnes of CO2-equivalent,_Z,Not Applicable,_Z,Not Applicable,_Z,Not Applicable,2015,0.08,WB_CLEAR,Climate and Economic Analyses for Resilience in Water (CLEAR Water),0,Units,NUMBER,Number (real number),602,CCYY,A,Normal value,PU,Public
datastructure,WB.DATA360:DS_DATA360(1.2),I,A,Annual,OMN,Oman,WB_CLEAR_EPA_N2O_WW,Nitrous oxide emissions from wastewater,_T,Total,_T,All age ranges or no breakdown by age,_T,Total,MTCO2E,Megatonnes of CO2-equivalent,_Z,Not Applicable,_Z,Not Applicable,_Z,Not Applicable,2015,0.07,WB_CLEAR,Climate and Economic Analyses for Resilience in Water (CLEAR Water),0,Units,NUMBER,Number (real number),602,CCYY,A,Normal value,PU,Public
datastructure,WB.DATA360:DS_DATA360(1.2),I,A,Annual,PAK,Pakistan,WB_CLEAR_EPA_N2O_WW,Nitrous oxide emissions from wastewater,_T,Total,_T,All age ranges or no breakdown by age,_T,Total,MTCO2E,Megatonnes of CO2-equivalent,_Z,Not Applicable,_Z,Not Applicable,_Z,Not Applicable,2015,2.27,WB_CLEAR,Climate and Economic Analyses for Resilience in Water (CLEAR Water),0,Units,NUMBER,Number (real number),602,CCYY,A,Normal value,PU,Public
datastructure,WB.DATA360:DS_DATA360(1.2),I,A,Annual,PAN,Panama,WB_CLEAR_EPA_N2O_WW,Nitrous oxide emissions from wastewater,_T,Total,_T,All age ranges or no breakdown by age,_T,Total,MTCO2E,Megatonnes of CO2-equivalent,_Z,Not Applicable,_Z,Not Applicable,_Z,Not Applicable,2015,0.06,WB_CLEAR,Climate and Economic Analyses for Resilience in Water (CLEAR Water),0,Units,NUMBER,Number (real number),602,CCYY,A,Normal value,PU,Public
datastructure,WB.DATA360:DS_DATA360(1.2),I,A,Annual,PNG,Papua New Guinea,WB_CLEAR_EPA_N2O_WW,Nitrous oxide emissions from wastewater,_T,Total,_T,All age ranges or no breakdown by age,_T,Total,MTCO2E,Megatonnes of CO2-equivalent,_Z,Not Applicable,_Z,Not Applicable,_Z,Not Applicable,2015,0.1,WB_CLEAR,Climate and Economic Analyses for Resilience in Water (CLEAR Water),0,Units,NUMBER,Number (real number),602,CCYY,A,Normal value,PU,Public
datastructure,WB.DATA360:DS_DATA360(1.2),I,A,Annual,PRY,Paraguay,WB_CLEAR_EPA_N2O_WW,Nitrous oxide emissions from wastewater,_T,Total,_T,All age ranges or no breakdown by age,_T,Total,MTCO2E,Megatonnes of CO2-equivalent,_Z,Not Applicable,_Z,Not Applicable,_Z,Not Applicable,2015,0.1,WB_CLEAR,Climate and Economic Analyses for Resilience in Water (CLEAR Water),0,Units,NUMBER,Number (real number),602,CCYY,A,Normal value,PU,Public
datastructure,WB.DATA360:DS_DATA360(1.2),I,A,Annual,PER,Peru,WB_CLEAR_EPA_N2O_WW,Nitrous oxide emissions from wastewater,_T,Total,_T,All age ranges or no breakdown by age,_T,Total,MTCO2E,Megatonnes of CO2-equivalent,_Z,Not Applicable,_Z,Not Applicable,_Z,Not Applicable,2015,0.64,WB_CLEAR,Climate and Economic Analyses for Resilience in Water (CLEAR Water),0,Units,NUMBER,Number (real number),602,CCYY,A,Normal value,PU,Public
datastructure,WB.DATA360:DS_DATA360(1.2),I,A,Annual,PHL,Philippines,WB_CLEAR_EPA_N2O_WW,Nitrous oxide emissions from wastewater,_T,Total,_T,All age ranges or no breakdown by age,_T,Total,MTCO2E,Megatonnes of CO2-equivalent,_Z,Not Applicable,_Z,Not Applicable,_Z,Not Applicable,2015,1.57,WB_CLEAR,Climate and Economic Analyses for Resilience in Water (CLEAR Water),0,Units,NUMBER,Number (real number),602,CCYY,A,Normal value,PU,Public
datastructure,WB.DATA360:DS_DATA360(1.2),I,A,Annual,POL,Poland,WB_CLEAR_EPA_N2O_WW,Nitrous oxide emissions from wastewater,_T,Total,_T,All age ranges or no breakdown by age,_T,Total,MTCO2E,Megatonnes of CO2-equivalent,_Z,Not Applicable,_Z,Not Applicable,_Z,Not Applicable,2015,0.76,WB_CLEAR,Climate and Economic Analyses for Resilience in Water (CLEAR Water),0,Units,NUMBER,Number (real number),602,CCYY,A,Normal value,PU,Public
datastructure,WB.DATA360:DS_DATA360(1.2),I,A,Annual,PRT,Portugal,WB_CLEAR_EPA_N2O_WW,Nitrous oxide emissions from wastewater,_T,Total,_T,All age ranges or no breakdown by age,_T,Total,MTCO2E,Megatonnes of CO2-equivalent,_Z,Not Applicable,_Z,Not Applicable,_Z,Not Applicable,2015,0.25,WB_CLEAR,Climate and Economic Analyses for Resilience in Water (CLEAR Water),0,Units,NUMBER,Number (real number),602,CCYY,A,Normal value,PU,Public
datastructure,WB.DATA360:DS_DATA360(1.2),I,A,Annual,QAT,Qatar,WB_CLEAR_EPA_N2O_WW,Nitrous oxide emissions from wastewater,_T,Total,_T,All age ranges or no breakdown by age,_T,Total,MTCO2E,Megatonnes of CO2-equivalent,_Z,Not Applicable,_Z,Not Applicable,_Z,Not Applicable,2015,0.04,WB_CLEAR,Climate and Economic Analyses for Resilience in Water (CLEAR Water),0,Units,NUMBER,Number (real number),602,CCYY,A,Normal value,PU,Public
datastructure,WB.DATA360:DS_DATA360(1.2),I,A,Annual,ROU,Romania,WB_CLEAR_EPA_N2O_WW,Nitrous oxide emissions from wastewater,_T,Total,_T,All age ranges or no breakdown by age,_T,Total,MTCO2E,Megatonnes of CO2-equivalent,_Z,Not Applicable,_Z,Not Applicable,_Z,Not Applicable,2015,0.53,WB_CLEAR,Climate and Economic Analyses for Resilience in Water (CLEAR Water),0,Units,NUMBER,Number (real number),602,CCYY,A,Normal value,PU,Public
datastructure,WB.DATA360:DS_DATA360(1.2),I,A,Annual,RUS,Russian Federation,WB_CLEAR_EPA_N2O_WW,Nitrous oxide emissions from wastewater,_T,Total,_T,All age ranges or no breakdown by age,_T,Total,MTCO2E,Megatonnes of CO2-equivalent,_Z,Not Applicable,_Z,Not Applicable,_Z,Not Applicable,2015,2.81,WB_CLEAR,Climate and Economic Analyses for Resilience in Water (CLEAR Water),0,Units,NUMBER,Number (real number),602,CCYY,A,Normal value,PU,Public
datastructure,WB.DATA360:DS_DATA360(1.2),I,A,Annual,RWA,Rwanda,WB_CLEAR_EPA_N2O_WW,Nitrous oxide emissions from wastewater,_T,Total,_T,All age ranges or no breakdown by age,_T,Total,MTCO2E,Megatonnes of CO2-equivalent,_Z,Not Applicable,_Z,Not Applicable,_Z,Not Applicable,2015,0.19,WB_CLEAR,Climate and Economic Analyses for Resilience in Water (CLEAR Water),0,Units,NUMBER,Number (real number),602,CCYY,A,Normal value,PU,Public
datastructure,WB.DATA360:DS_DATA360(1.2),I,A,Annual,SAU,Saudi Arabia,WB_CLEAR_EPA_N2O_WW,Nitrous oxide emissions from wastewater,_T,Total,_T,All age ranges or no breakdown by age,_T,Total,MTCO2E,Megatonnes of CO2-equivalent,_Z,Not Applicable,_Z,Not Applicable,_Z,Not Applicable,2015,1.27,WB_CLEAR,Climate and Economic Analyses for Resilience in Water (CLEAR Water),0,Units,NUMBER,Number (real number),602,CCYY,A,Normal value,PU,Public
datastructure,WB.DATA360:DS_DATA360(1.2),I,A,Annual,SEN,Senegal,WB_CLEAR_EPA_N2O_WW,Nitrous oxide emissions from wastewater,_T,Total,_T,All age ranges or no breakdown by age,_T,Total,MTCO2E,Megatonnes of CO2-equivalent,_Z,Not Applicable,_Z,Not Applicable,_Z,Not Applicable,2015,0.29,WB_CLEAR,Climate and Economic Analyses for Resilience in Water (CLEAR Water),0,Units,NUMBER,Number (real number),602,CCYY,A,Normal value,PU,Public
datastructure,WB.DATA360:DS_DATA360(1.2),I,A,Annual,SRB,Serbia,WB_CLEAR_EPA_N2O_WW,Nitrous oxide emissions from wastewater,_T,Total,_T,All age ranges or no breakdown by age,_T,Total,MTCO2E,Megatonnes of CO2-equivalent,_Z,Not Applicable,_Z,Not Applicable,_Z,Not Applicable,2015,0.24,WB_CLEAR,Climate and Economic Analyses for Resilience in Water (CLEAR Water),0,Units,NUMBER,Number (real number),602,CCYY,A,Normal value,PU,Public
datastructure,WB.DATA360:DS_DATA360(1.2),I,A,Annual,SLE,Sierra Leone,WB_CLEAR_EPA_N2O_WW,Nitrous oxide emissions from wastewater,_T,Total,_T,All age ranges or no breakdown by age,_T,Total,MTCO2E,Megatonnes of CO2-equivalent,_Z,Not Applicable,_Z,Not Applicable,_Z,Not Applicable,2015,0.07,WB_CLEAR,Climate and Economic Analyses for Resilience in Water (CLEAR Water),0,Units,NUMBER,Number (real number),602,CCYY,A,Normal value,PU,Public
datastructure,WB.DATA360:DS_DATA360(1.2),I,A,Annual,SGP,Singapore,WB_CLEAR_EPA_N2O_WW,Nitrous oxide emissions from wastewater,_T,Total,_T,All age ranges or no breakdown by age,_T,Total,MTCO2E,Megatonnes of CO2-equivalent,_Z,Not Applicable,_Z,Not Applicable,_Z,Not Applicable,2015,0.1,WB_CLEAR,Climate and Economic Analyses for Resilience in Water (CLEAR Water),0,Units,NUMBER,Number (real number),602,CCYY,A,Normal value,PU,Public
datastructure,WB.DATA360:DS_DATA360(1.2),I,A,Annual,SVK,Slovak Republic,WB_CLEAR_EPA_N2O_WW,Nitrous oxide emissions from wastewater,_T,Total,_T,All age ranges or no breakdown by age,_T,Total,MTCO2E,Megatonnes of CO2-equivalent,_Z,Not Applicable,_Z,Not Applicable,_Z,Not Applicable,2015,0.05,WB_CLEAR,Climate and Economic Analyses for Resilience in Water (CLEAR Water),0,Units,NUMBER,Number (real number),602,CCYY,A,Normal value,PU,Public
datastructure,WB.DATA360:DS_DATA360(1.2),I,A,Annual,SVN,Slovenia,WB_CLEAR_EPA_N2O_WW,Nitrous oxide emissions from wastewater,_T,Total,_T,All age ranges or no breakdown by age,_T,Total,MTCO2E,Megatonnes of CO2-equivalent,_Z,Not Applicable,_Z,Not Applicable,_Z,Not Applicable,2015,0.04,WB_CLEAR,Climate and Economic Analyses for Resilience in Water (CLEAR Water),0,Units,NUMBER,Number (real number),602,CCYY,A,Normal value,PU,Public
datastructure,WB.DATA360:DS_DATA360(1.2),I,A,Annual,SLB,Solomon Islands,WB_CLEAR_EPA_N2O_WW,Nitrous oxide emissions from wastewater,_T,Total,_T,All age ranges or no breakdown by age,_T,Total,MTCO2E,Megatonnes of CO2-equivalent,_Z,Not Applicable,_Z,Not Applicable,_Z,Not Applicable,2015,0.01,WB_CLEAR,Climate and Economic Analyses for Resilience in Water (CLEAR Water),0,Units,NUMBER,Number (real number),602,CCYY,A,Normal value,PU,Public
datastructure,WB.DATA360:DS_DATA360(1.2),I,A,Annual,SOM,Somalia,WB_CLEAR_EPA_N2O_WW,Nitrous oxide emissions from wastewater,_T,Total,_T,All age ranges or no breakdown by age,_T,Total,MTCO2E,Megatonnes of CO2-equivalent,_Z,Not Applicable,_Z,Not Applicable,_Z,Not Applicable,2015,0.13,WB_CLEAR,Climate and Economic Analyses for Resilience in Water (CLEAR Water),0,Units,NUMBER,Number (real number),602,CCYY,A,Normal value,PU,Public
datastructure,WB.DATA360:DS_DATA360(1.2),I,A,Annual,ZAF,South Africa,WB_CLEAR_EPA_N2O_WW,Nitrous oxide emissions from wastewater,_T,Total,_T,All age ranges or no breakdown by age,_T,Total,MTCO2E,Megatonnes of CO2-equivalent,_Z,Not Applicable,_Z,Not Applicable,_Z,Not Applicable,2015,0.71,WB_CLEAR,Climate and Economic Analyses for Resilience in Water (CLEAR Water),0,Units,NUMBER,Number (real number),602,CCYY,A,Normal value,PU,Public
datastructure,WB.DATA360:DS_DATA360(1.2),I,A,Annual,SSD,South Sudan,WB_CLEAR_EPA_N2O_WW,Nitrous oxide emissions from wastewater,_T,Total,_T,All age ranges or no breakdown by age,_T,Total,MTCO2E,Megatonnes of CO2-equivalent,_Z,Not Applicable,_Z,Not Applicable,_Z,Not Applicable,2015,0.15,WB_CLEAR,Climate and Economic Analyses for Resilience in Water (CLEAR Water),0,Units,NUMBER,Number (real number),602,CCYY,A,Normal value,PU,Public
datastructure,WB.DATA360:DS_DATA360(1.2),I,A,Annual,ESP,Spain,WB_CLEAR_EPA_N2O_WW,Nitrous oxide emissions from wastewater,_T,Total,_T,All age ranges or no breakdown by age,_T,Total,MTCO2E,Megatonnes of CO2-equivalent,_Z,Not Applicable,_Z,Not Applicable,_Z,Not Applicable,2015,0.96,WB_CLEAR,Climate and Economic Analyses for Resilience in Water (CLEAR Water),0,Units,NUMBER,Number (real number),602,CCYY,A,Normal value,PU,Public
datastructure,WB.DATA360:DS_DATA360(1.2),I,A,Annual,LKA,Sri Lanka,WB_CLEAR_EPA_N2O_WW,Nitrous oxide emissions from wastewater,_T,Total,_T,All age ranges or no breakdown by age,_T,Total,MTCO2E,Megatonnes of CO2-equivalent,_Z,Not Applicable,_Z,Not Applicable,_Z,Not Applicable,2015,0.39,WB_CLEAR,Climate and Economic Analyses for Resilience in Water (CLEAR Water),0,Units,NUMBER,Number (real number),602,CCYY,A,Normal value,PU,Public
datastructure,WB.DATA360:DS_DATA360(1.2),I,A,Annual,LCA,St. Lucia,WB_CLEAR_EPA_N2O_WW,Nitrous oxide emissions from wastewater,_T,Total,_T,All age ranges or no breakdown by age,_T,Total,MTCO2E,Megatonnes of CO2-equivalent,_Z,Not Applicable,_Z,Not Applicable,_Z,Not Applicable,2015,0.01,WB_CLEAR,Climate and Economic Analyses for Resilience in Water (CLEAR Water),0,Units,NUMBER,Number (real number),602,CCYY,A,Normal value,PU,Public
datastructure,WB.DATA360:DS_DATA360(1.2),I,A,Annual,SDN,Sudan,WB_CLEAR_EPA_N2O_WW,Nitrous oxide emissions from wastewater,_T,Total,_T,All age ranges or no breakdown by age,_T,Total,MTCO2E,Megatonnes of CO2-equivalent,_Z,Not Applicable,_Z,Not Applicable,_Z,Not Applicable,2015,0.48,WB_CLEAR,Climate and Economic Analyses for Resilience in Water (CLEAR Water),0,Units,NUMBER,Number (real number),602,CCYY,A,Normal value,PU,Public
datastructure,WB.DATA360:DS_DATA360(1.2),I,A,Annual,SUR,Suriname,WB_CLEAR_EPA_N2O_WW,Nitrous oxide emissions from wastewater,_T,Total,_T,All age ranges or no breakdown by age,_T,Total,MTCO2E,Megatonnes of CO2-equivalent,_Z,Not Applicable,_Z,Not Applicable,_Z,Not Applicable,2015,0.01,WB_CLEAR,Climate and Economic Analyses for Resilience in Water (CLEAR Water),0,Units,NUMBER,Number (real number),602,CCYY,A,Normal value,PU,Public
datastructure,WB.DATA360:DS_DATA360(1.2),I,A,Annual,SWE,Sweden,WB_CLEAR_EPA_N2O_WW,Nitrous oxide emissions from wastewater,_T,Total,_T,All age ranges or no breakdown by age,_T,Total,MTCO2E,Megatonnes of CO2-equivalent,_Z,Not Applicable,_Z,Not Applicable,_Z,Not Applicable,2015,0.21,WB_CLEAR,Climate and Economic Analyses for Resilience in Water (CLEAR Water),0,Units,NUMBER,Number (real number),602,CCYY,A,Normal value,PU,Public
datastructure,WB.DATA360:DS_DATA360(1.2),I,A,Annual,CHE,Switzerland,WB_CLEAR_EPA_N2O_WW,Nitrous oxide emissions from wastewater,_T,Total,_T,All age ranges or no breakdown by age,_T,Total,MTCO2E,Megatonnes of CO2-equivalent,_Z,Not Applicable,_Z,Not Applicable,_Z,Not Applicable,2015,0.15,WB_CLEAR,Climate and Economic Analyses for Resilience in Water (CLEAR Water),0,Units,NUMBER,Number (real number),602,CCYY,A,Normal value,PU,Public
datastructure,WB.DATA360:DS_DATA360(1.2),I,A,Annual,SYR,Syrian Arab Republic,WB_CLEAR_EPA_N2O_WW,Nitrous oxide emissions from wastewater,_T,Total,_T,All age ranges or no breakdown by age,_T,Total,MTCO2E,Megatonnes of CO2-equivalent,_Z,Not Applicable,_Z,Not Applicable,_Z,Not Applicable,2015,0.31,WB_CLEAR,Climate and Economic Analyses for Resilience in Water (CLEAR Water),0,Units,NUMBER,Number (real number),602,CCYY,A,Normal value,PU,Public
datastructure,WB.DATA360:DS_DATA360(1.2),I,A,Annual,TJK,Tajikistan,WB_CLEAR_EPA_N2O_WW,Nitrous oxide emissions from wastewater,_T,Total,_T,All age ranges or no breakdown by age,_T,Total,MTCO2E,Megatonnes of CO2-equivalent,_Z,Not Applicable,_Z,Not Applicable,_Z,Not Applicable,2015,0.08,WB_CLEAR,Climate and Economic Analyses for Resilience in Water (CLEAR Water),0,Units,NUMBER,Number (real number),602,CCYY,A,Normal value,PU,Public
datastructure,WB.DATA360:DS_DATA360(1.2),I,A,Annual,TZA,Tanzania,WB_CLEAR_EPA_N2O_WW,Nitrous oxide emissions from wastewater,_T,Total,_T,All age ranges or no breakdown by age,_T,Total,MTCO2E,Megatonnes of CO2-equivalent,_Z,Not Applicable,_Z,Not Applicable,_Z,Not Applicable,2015,2.22,WB_CLEAR,Climate and Economic Analyses for Resilience in Water (CLEAR Water),0,Units,NUMBER,Number (real number),602,CCYY,A,Normal value,PU,Public
datastructure,WB.DATA360:DS_DATA360(1.2),I,A,Annual,THA,Thailand,WB_CLEAR_EPA_N2O_WW,Nitrous oxide emissions from wastewater,_T,Total,_T,All age ranges or no breakdown by age,_T,Total,MTCO2E,Megatonnes of CO2-equivalent,_Z,Not Applicable,_Z,Not Applicable,_Z,Not Applicable,2015,1.07,WB_CLEAR,Climate and Economic Analyses for Resilience in Water (CLEAR Water),0,Units,NUMBER,Number (real number),602,CCYY,A,Normal value,PU,Public
datastructure,WB.DATA360:DS_DATA360(1.2),I,A,Annual,BHS,"Bahamas, The",WB_CLEAR_EPA_N2O_WW,Nitrous oxide emissions from wastewater,_T,Total,_T,All age ranges or no breakdown by age,_T,Total,MTCO2E,Megatonnes of CO2-equivalent,_Z,Not Applicable,_Z,Not Applicable,_Z,Not Applicable,2015,0.01,WB_CLEAR,Climate and Economic Analyses for Resilience in Water (CLEAR Water),0,Units,NUMBER,Number (real number),602,CCYY,A,Normal value,PU,Public
datastructure,WB.DATA360:DS_DATA360(1.2),I,A,Annual,TLS,Timor-Leste,WB_CLEAR_EPA_N2O_WW,Nitrous oxide emissions from wastewater,_T,Total,_T,All age ranges or no breakdown by age,_T,Total,MTCO2E,Megatonnes of CO2-equivalent,_Z,Not Applicable,_Z,Not Applicable,_Z,Not Applicable,2015,0.01,WB_CLEAR,Climate and Economic Analyses for Resilience in Water (CLEAR Water),0,Units,NUMBER,Number (real number),602,CCYY,A,Normal value,PU,Public
datastructure,WB.DATA360:DS_DATA360(1.2),I,A,Annual,TGO,Togo,WB_CLEAR_EPA_N2O_WW,Nitrous oxide emissions from wastewater,_T,Total,_T,All age ranges or no breakdown by age,_T,Total,MTCO2E,Megatonnes of CO2-equivalent,_Z,Not Applicable,_Z,Not Applicable,_Z,Not Applicable,2015,0.12,WB_CLEAR,Climate and Economic Analyses for Resilience in Water (CLEAR Water),0,Units,NUMBER,Number (real number),602,CCYY,A,Normal value,PU,Public
datastructure,WB.DATA360:DS_DATA360(1.2),I,A,Annual,TON,Tonga,WB_CLEAR_EPA_N2O_WW,Nitrous oxide emissions from wastewater,_T,Total,_T,All age ranges or no breakdown by age,_T,Total,MTCO2E,Megatonnes of CO2-equivalent,_Z,Not Applicable,_Z,Not Applicable,_Z,Not Applicable,2015,0.03,WB_CLEAR,Climate and Economic Analyses for Resilience in Water (CLEAR Water),0,Units,NUMBER,Number (real number),602,CCYY,A,Normal value,PU,Public
datastructure,WB.DATA360:DS_DATA360(1.2),I,A,Annual,TTO,Trinidad and Tobago,WB_CLEAR_EPA_N2O_WW,Nitrous oxide emissions from wastewater,_T,Total,_T,All age ranges or no breakdown by age,_T,Total,MTCO2E,Megatonnes of CO2-equivalent,_Z,Not Applicable,_Z,Not Applicable,_Z,Not Applicable,2015,0.15,WB_CLEAR,Climate and Economic Analyses for Resilience in Water (CLEAR Water),0,Units,NUMBER,Number (real number),602,CCYY,A,Normal value,PU,Public
datastructure,WB.DATA360:DS_DATA360(1.2),I,A,Annual,TUN,Tunisia,WB_CLEAR_EPA_N2O_WW,Nitrous oxide emissions from wastewater,_T,Total,_T,All age ranges or no breakdown by age,_T,Total,MTCO2E,Megatonnes of CO2-equivalent,_Z,Not Applicable,_Z,Not Applicable,_Z,Not Applicable,2015,0.29,WB_CLEAR,Climate and Economic Analyses for Resilience in Water (CLEAR Water),0,Units,NUMBER,Number (real number),602,CCYY,A,Normal value,PU,Public
datastructure,WB.DATA360:DS_DATA360(1.2),I,A,Annual,TUR,Turkiye,WB_CLEAR_EPA_N2O_WW,Nitrous oxide emissions from wastewater,_T,Total,_T,All age ranges or no breakdown by age,_T,Total,MTCO2E,Megatonnes of CO2-equivalent,_Z,Not Applicable,_Z,Not Applicable,_Z,Not Applicable,2015,2.03,WB_CLEAR,Climate and Economic Analyses for Resilience in Water (CLEAR Water),0,Units,NUMBER,Number (real number),602,CCYY,A,Normal value,PU,Public
datastructure,WB.DATA360:DS_DATA360(1.2),I,A,Annual,TKM,Turkmenistan,WB_CLEAR_EPA_N2O_WW,Nitrous oxide emissions from wastewater,_T,Total,_T,All age ranges or no breakdown by age,_T,Total,MTCO2E,Megatonnes of CO2-equivalent,_Z,Not Applicable,_Z,Not Applicable,_Z,Not Applicable,2015,0.09,WB_CLEAR,Climate and Economic Analyses for Resilience in Water (CLEAR Water),0,Units,NUMBER,Number (real number),602,CCYY,A,Normal value,PU,Public
datastructure,WB.DATA360:DS_DATA360(1.2),I,A,Annual,UGA,Uganda,WB_CLEAR_EPA_N2O_WW,Nitrous oxide emissions from wastewater,_T,Total,_T,All age ranges or no breakdown by age,_T,Total,MTCO2E,Megatonnes of CO2-equivalent,_Z,Not Applicable,_Z,Not Applicable,_Z,Not Applicable,2015,0.37,WB_CLEAR,Climate and Economic Analyses for Resilience in Water (CLEAR Water),0,Units,NUMBER,Number (real number),602,CCYY,A,Normal value,PU,Public
datastructure,WB.DATA360:DS_DATA360(1.2),I,A,Annual,UKR,Ukraine,WB_CLEAR_EPA_N2O_WW,Nitrous oxide emissions from wastewater,_T,Total,_T,All age ranges or no breakdown by age,_T,Total,MTCO2E,Megatonnes of CO2-equivalent,_Z,Not Applicable,_Z,Not Applicable,_Z,Not Applicable,2015,0.99,WB_CLEAR,Climate and Economic Analyses for Resilience in Water (CLEAR Water),0,Units,NUMBER,Number (real number),602,CCYY,A,Normal value,PU,Public
datastructure,WB.DATA360:DS_DATA360(1.2),I,A,Annual,ARE,United Arab Emirates,WB_CLEAR_EPA_N2O_WW,Nitrous oxide emissions from wastewater,_T,Total,_T,All age ranges or no breakdown by age,_T,Total,MTCO2E,Megatonnes of CO2-equivalent,_Z,Not Applicable,_Z,Not Applicable,_Z,Not Applicable,2015,0.25,WB_CLEAR,Climate and Economic Analyses for Resilience in Water (CLEAR Water),0,Units,NUMBER,Number (real number),602,CCYY,A,Normal value,PU,Public
datastructure,WB.DATA360:DS_DATA360(1.2),I,A,Annual,GBR,United Kingdom,WB_CLEAR_EPA_N2O_WW,Nitrous oxide emissions from wastewater,_T,Total,_T,All age ranges or no breakdown by age,_T,Total,MTCO2E,Megatonnes of CO2-equivalent,_Z,Not Applicable,_Z,Not Applicable,_Z,Not Applicable,2015,0.71,WB_CLEAR,Climate and Economic Analyses for Resilience in Water (CLEAR Water),0,Units,NUMBER,Number (real number),602,CCYY,A,Normal value,PU,Public
datastructure,WB.DATA360:DS_DATA360(1.2),I,A,Annual,USA,United States,WB_CLEAR_EPA_N2O_WW,Nitrous oxide emissions from wastewater,_T,Total,_T,All age ranges or no breakdown by age,_T,Total,MTCO2E,Megatonnes of CO2-equivalent,_Z,Not Applicable,_Z,Not Applicable,_Z,Not Applicable,2015,4.84,WB_CLEAR,Climate and Economic Analyses for Resilience in Water (CLEAR Water),0,Units,NUMBER,Number (real number),602,CCYY,A,Normal value,PU,Public
datastructure,WB.DATA360:DS_DATA360(1.2),I,A,Annual,URY,Uruguay,WB_CLEAR_EPA_N2O_WW,Nitrous oxide emissions from wastewater,_T,Total,_T,All age ranges or no breakdown by age,_T,Total,MTCO2E,Megatonnes of CO2-equivalent,_Z,Not Applicable,_Z,Not Applicable,_Z,Not Applicable,2015,0.07,WB_CLEAR,Climate and Economic Analyses for Resilience in Water (CLEAR Water),0,Units,NUMBER,Number (real number),602,CCYY,A,Normal value,PU,Public
datastructure,WB.DATA360:DS_DATA360(1.2),I,A,Annual,UZB,Uzbekistan,WB_CLEAR_EPA_N2O_WW,Nitrous oxide emissions from wastewater,_T,Total,_T,All age ranges or no breakdown by age,_T,Total,MTCO2E,Megatonnes of CO2-equivalent,_Z,Not Applicable,_Z,Not Applicable,_Z,Not Applicable,2015,0.68,WB_CLEAR,Climate and Economic Analyses for Resilience in Water (CLEAR Water),0,Units,NUMBER,Number (real number),602,CCYY,A,Normal value,PU,Public
datastructure,WB.DATA360:DS_DATA360(1.2),I,A,Annual,VEN,"Venezuela, RB",WB_CLEAR_EPA_N2O_WW,Nitrous oxide emissions from wastewater,_T,Total,_T,All age ranges or no breakdown by age,_T,Total,MTCO2E,Megatonnes of CO2-equivalent,_Z,Not Applicable,_Z,Not Applicable,_Z,Not Applicable,2015,0.68,WB_CLEAR,Climate and Economic Analyses for Resilience in Water (CLEAR Water),0,Units,NUMBER,Number (real number),602,CCYY,A,Normal value,PU,Public
datastructure,WB.DATA360:DS_DATA360(1.2),I,A,Annual,VNM,Viet Nam,WB_CLEAR_EPA_N2O_WW,Nitrous oxide emissions from wastewater,_T,Total,_T,All age ranges or no breakdown by age,_T,Total,MTCO2E,Megatonnes of CO2-equivalent,_Z,Not Applicable,_Z,Not Applicable,_Z,Not Applicable,2015,2.0,WB_CLEAR,Climate and Economic Analyses for Resilience in Water (CLEAR Water),0,Units,NUMBER,Number (real number),602,CCYY,A,Normal value,PU,Public
datastructure,WB.DATA360:DS_DATA360(1.2),I,A,Annual,YEM,"Yemen, Rep.",WB_CLEAR_EPA_N2O_WW,Nitrous oxide emissions from wastewater,_T,Total,_T,All age ranges or no breakdown by age,_T,Total,MTCO2E,Megatonnes of CO2-equivalent,_Z,Not Applicable,_Z,Not Applicable,_Z,Not Applicable,2015,0.03,WB_CLEAR,Climate and Economic Analyses for Resilience in Water (CLEAR Water),0,Units,NUMBER,Number (real number),602,CCYY,A,Normal value,PU,Public
datastructure,WB.DATA360:DS_DATA360(1.2),I,A,Annual,ZMB,Zambia,WB_CLEAR_EPA_N2O_WW,Nitrous oxide emissions from wastewater,_T,Total,_T,All age ranges or no breakdown by age,_T,Total,MTCO2E,Megatonnes of CO2-equivalent,_Z,Not Applicable,_Z,Not Applicable,_Z,Not Applicable,2015,0.16,WB_CLEAR,Climate and Economic Analyses for Resilience in Water (CLEAR Water),0,Units,NUMBER,Number (real number),602,CCYY,A,Normal value,PU,Public
datastructure,WB.DATA360:DS_DATA360(1.2),I,A,Annual,ZWE,Zimbabwe,WB_CLEAR_EPA_N2O_WW,Nitrous oxide emissions from wastewater,_T,Total,_T,All age ranges or no breakdown by age,_T,Total,MTCO2E,Megatonnes of CO2-equivalent,_Z,Not Applicable,_Z,Not Applicable,_Z,Not Applicable,2015,0.16,WB_CLEAR,Climate and Economic Analyses for Resilience in Water (CLEAR Water),0,Units,NUMBER,Number (real number),602,CCYY,A,Normal value,PU,Public
